project_name,creators
0G,"['C3', 'C7', 'C9', 'C11', 'C15', 'C18', 'C20', 'C24', 'C25', 'C26', 'C31', 'C34', 'C40', 'C41', 'C43', 'C45', 'C48', 'C49', 'C97', 'C104', 'C115', 'C120', 'C126', 'C128', 'C134', 'C137', 'C139', 'C147', 'C148', 'C151', 'C156', 'C160', 'C186', 'C188', 'C210', 'C214', 'C216', 'C218', 'C223', 'C234', 'C237', 'C247', 'C261', 'C272', 'C291', 'C296', 'C298', 'C304', 'C319', 'C341', 'C342', 'C377', 'C384', 'C396', 'C419', 'C432', 'C435', 'C445', 'C449', 'C460', 'C461', 'C462', 'C463', 'C464', 'C465', 'C466', 'C467', 'C468', 'C469', 'C470', 'C471', 'C472', 'C473', 'C474', 'C475', 'C476']"
Allora,"['C11', 'C12', 'C18', 'C19', 'C20', 'C26', 'C34', 'C37', 'C41', 'C45', 'C61', 'C65', 'C69', 'C70', 'C81', 'C97', 'C104', 'C107', 'C108', 'C113', 'C126', 'C127', 'C128', 'C139', 'C147', 'C156', 'C160', 'C184', 'C202', 'C210', 'C213', 'C214', 'C219', 'C231', 'C232', 'C234', 'C249', 'C261', 'C289', 'C291', 'C296', 'C340', 'C347', 'C367', 'C396', 'C407', 'C413', 'C439', 'C460', 'C476', 'C477', 'C478', 'C479', 'C480', 'C481', 'C482', 'C483', 'C484', 'C485', 'C486', 'C487', 'C488', 'C489']"
Aptos,"['C1', 'C2', 'C3', 'C4', 'C5', 'C6', 'C7', 'C8', 'C9', 'C10', 'C11', 'C12', 'C13', 'C14', 'C15', 'C16', 'C17', 'C18', 'C19', 'C20', 'C21', 'C22', 'C23', 'C24', 'C25', 'C26', 'C27', 'C28', 'C29', 'C30', 'C31', 'C32', 'C33', 'C34', 'C35', 'C36', 'C37', 'C38', 'C39', 'C40', 'C41', 'C42', 'C43', 'C44', 'C45', 'C46', 'C47', 'C48', 'C49', 'C50']"
Beldex,"['C4', 'C12', 'C18', 'C21', 'C26', 'C35', 'C41', 'C43', 'C51', 'C52', 'C53', 'C54', 'C55', 'C56', 'C57', 'C58', 'C59', 'C60', 'C61', 'C62', 'C63', 'C64', 'C65', 'C66', 'C67', 'C68', 'C69', 'C70', 'C71', 'C72', 'C73', 'C74', 'C75', 'C76', 'C77', 'C78', 'C79', 'C80', 'C81', 'C82', 'C83', 'C84', 'C85', 'C86', 'C87', 'C88', 'C89', 'C90', 'C91']"
Berachain,"['C4', 'C6', 'C11', 'C12', 'C13', 'C16', 'C49', 'C77', 'C92', 'C93', 'C94', 'C95', 'C96', 'C97', 'C98', 'C99', 'C100', 'C101', 'C102', 'C103', 'C104', 'C105', 'C106', 'C107', 'C108', 'C109', 'C110', 'C111', 'C112']"
Billions Network,"['C5', 'C12', 'C24', 'C35', 'C37', 'C45', 'C58', 'C71', 'C74', 'C77', 'C78', 'C80', 'C91', 'C108', 'C128', 'C132', 'C147', 'C156', 'C157', 'C160', 'C161', 'C163', 'C164', 'C203', 'C207', 'C218', 'C221', 'C222', 'C227', 'C228', 'C242', 'C265', 'C267', 'C270', 'C272', 'C275', 'C288', 'C291', 'C305', 'C322', 'C338', 'C343', 'C351', 'C356', 'C365', 'C375', 'C402', 'C413', 'C422', 'C454', 'C455', 'C456', 'C457', 'C490', 'C491', 'C492', 'C493', 'C494', 'C495', 'C496', 'C497']"
Camp Network,"['C1', 'C2', 'C7', 'C9', 'C15', 'C18', 'C20', 'C24', 'C25', 'C26', 'C32', 'C37', 'C40', 'C43', 'C45', 'C46', 'C47', 'C49', 'C59', 'C69', 'C71', 'C74', 'C77', 'C80', 'C84', 'C105', 'C113', 'C114', 'C115', 'C116', 'C117', 'C118', 'C119', 'C120', 'C121', 'C122', 'C123', 'C124', 'C125', 'C126', 'C127', 'C128', 'C129', 'C130', 'C131', 'C132', 'C133', 'C134', 'C135', 'C136', 'C137', 'C138', 'C139', 'C140', 'C141', 'C142', 'C143', 'C144', 'C145', 'C146', 'C147', 'C148', 'C149', 'C150', 'C151', 'C152', 'C153', 'C154', 'C155', 'C156', 'C157', 'C158', 'C159', 'C160', 'C161', 'C162', 'C163', 'C164', 'C165']"
Ethereum,"['C16', 'C98', 'C154', 'C166', 'C167', 'C168', 'C169', 'C170', 'C171', 'C172', 'C173', 'C174', 'C175', 'C176', 'C177', 'C178', 'C179', 'C180']"
EverlynAI,"['C1', 'C12', 'C37', 'C46', 'C59', 'C61', 'C77', 'C83', 'C87', 'C97', 'C104', 'C120', 'C126', 'C127', 'C133', 'C156', 'C179', 'C191', 'C209', 'C210', 'C213', 'C219', 'C221', 'C224', 'C260', 'C262', 'C263', 'C289', 'C290', 'C291', 'C296', 'C302', 'C304', 'C343', 'C359', 'C371', 'C377', 'C379', 'C383', 'C441', 'C455', 'C479', 'C482', 'C484', 'C485', 'C486', 'C498', 'C499', 'C500', 'C501', 'C502', 'C503', 'C504', 'C505', 'C506', 'C507', 'C508', 'C509', 'C510', 'C511', 'C512', 'C513']"
Falcon Finance,"['C1', 'C4', 'C7', 'C9', 'C11', 'C12', 'C19', 'C20', 'C24', 'C25', 'C31', 'C33', 'C41', 'C42', 'C43', 'C45', 'C47', 'C48', 'C50', 'C59', 'C70', 'C71', 'C77', 'C81', 'C89', 'C101', 'C104', 'C108', 'C113', 'C120', 'C126', 'C127', 'C133', 'C151', 'C155', 'C156', 'C161', 'C164', 'C179', 'C195', 'C202', 'C210', 'C211', 'C213', 'C218', 'C229', 'C242', 'C249', 'C257', 'C272', 'C287', 'C288', 'C291', 'C296', 'C301', 'C304', 'C325', 'C340', 'C353', 'C358', 'C367', 'C368', 'C369', 'C371', 'C391', 'C393', 'C398', 'C399', 'C401', 'C429', 'C431', 'C437', 'C439', 'C440', 'C447', 'C475', 'C479', 'C505', 'C515', 'C531', 'C546', 'C566', 'C572', 'C576']"
Huma,"['C2', 'C4', 'C7', 'C9', 'C15', 'C24', 'C37', 'C40', 'C43', 'C45', 'C46', 'C52', 'C59', 'C122', 'C128', 'C132', 'C136', 'C137', 'C156', 'C157', 'C158', 'C164', 'C202', 'C213', 'C280', 'C282', 'C291', 'C304', 'C313', 'C325', 'C401', 'C426', 'C453', 'C514', 'C516', 'C534', 'C540', 'C555', 'C557', 'C563', 'C564', 'C566', 'C568', 'C572', 'C575', 'C576', 'C580', 'C581']"
INFINIT,"['C3', 'C12', 'C19', 'C20', 'C24', 'C26', 'C35', 'C42', 'C43', 'C49', 'C64', 'C66', 'C68', 'C70', 'C72', 'C77', 'C80', 'C81', 'C87', 'C113', 'C114', 'C115', 'C116', 'C127', 'C128', 'C137', 'C140', 'C145', 'C153', 'C155', 'C156', 'C160', 'C194', 'C199', 'C203', 'C204', 'C218', 'C242', 'C246', 'C247', 'C256', 'C258', 'C260', 'C261', 'C272', 'C347', 'C353', 'C357', 'C368', 'C379', 'C397', 'C398', 'C400', 'C401', 'C417', 'C419', 'C427', 'C428', 'C430', 'C433', 'C444', 'C458', 'C464', 'C468', 'C480', 'C506', 'C518', 'C521', 'C524', 'C532', 'C534', 'C549', 'C550', 'C551', 'C552', 'C553', 'C554', 'C555', 'C556']"
Injective,"['C4', 'C22', 'C24', 'C27', 'C33', 'C38', 'C44', 'C46', 'C70', 'C74', 'C77', 'C108', 'C138', 'C151', 'C154', 'C169', 'C176', 'C181', 'C182', 'C183', 'C184', 'C185', 'C186', 'C187', 'C188', 'C189', 'C190', 'C191', 'C192', 'C193', 'C194', 'C195', 'C196', 'C197', 'C198', 'C199', 'C200', 'C201', 'C202', 'C203', 'C204']"
Irys,"['C3', 'C4', 'C11', 'C12', 'C19', 'C24', 'C25', 'C26', 'C28', 'C34', 'C36', 'C45', 'C47', 'C48', 'C50', 'C51', 'C59', 'C65', 'C70', 'C77', 'C79', 'C81', 'C89', 'C97', 'C100', 'C107', 'C121', 'C126', 'C128', 'C136', 'C137', 'C139', 'C147', 'C150', 'C153', 'C156', 'C160', 'C163', 'C164', 'C191', 'C204', 'C205', 'C206', 'C207', 'C208', 'C209', 'C210', 'C211', 'C212', 'C213', 'C214', 'C215', 'C216', 'C217', 'C218', 'C219', 'C220', 'C221', 'C222', 'C223', 'C224', 'C225', 'C226', 'C227', 'C228', 'C229', 'C230', 'C231', 'C232', 'C233', 'C234', 'C235', 'C236', 'C237', 'C238', 'C239', 'C240']"
Mantle,"['C4', 'C15', 'C19', 'C26', 'C30', 'C39', 'C42', 'C70', 'C93', 'C94', 'C95', 'C108', 'C109', 'C113', 'C116', 'C126', 'C127', 'C128', 'C129', 'C139', 'C155', 'C160', 'C164', 'C168', 'C170', 'C187', 'C190', 'C194', 'C216', 'C223', 'C230', 'C265', 'C284', 'C287', 'C298', 'C348', 'C352', 'C353', 'C362', 'C364', 'C367', 'C368', 'C377', 'C393', 'C397', 'C401', 'C403', 'C404', 'C408', 'C425', 'C426', 'C427', 'C428', 'C429', 'C430', 'C431', 'C432', 'C433', 'C434', 'C435', 'C436', 'C437', 'C438', 'C439']"
Mavryk,"['C12', 'C18', 'C19', 'C24', 'C26', 'C53', 'C54', 'C56', 'C62', 'C68', 'C71', 'C72', 'C80', 'C82', 'C87', 'C91', 'C117', 'C118', 'C119', 'C125', 'C127', 'C128', 'C130', 'C132', 'C133', 'C136', 'C147', 'C150', 'C160', 'C180', 'C197', 'C201', 'C202', 'C205', 'C210', 'C221', 'C229', 'C231', 'C235', 'C241', 'C242', 'C243', 'C244', 'C245', 'C246', 'C247', 'C248', 'C249', 'C250', 'C251', 'C252', 'C253', 'C254', 'C255', 'C256', 'C257', 'C258', 'C259', 'C260', 'C261', 'C262', 'C263', 'C264', 'C265', 'C266', 'C267', 'C268', 'C269', 'C270', 'C271', 'C272', 'C273', 'C274', 'C275']"
MegaETH,"['C1', 'C16', 'C22', 'C24', 'C39', 'C42', 'C99', 'C102', 'C106', 'C136', 'C144', 'C147', 'C151', 'C153', 'C156', 'C166', 'C167', 'C169', 'C171', 'C172', 'C173', 'C174', 'C175', 'C180', 'C196', 'C208', 'C261', 'C298', 'C303', 'C305', 'C308', 'C310', 'C314', 'C315', 'C320', 'C321', 'C347', 'C355', 'C361', 'C393', 'C438', 'C440', 'C441', 'C442', 'C443', 'C444', 'C445', 'C446', 'C447']"
Mira Network,"['C3', 'C7', 'C11', 'C12', 'C14', 'C17', 'C18', 'C20', 'C24', 'C26', 'C31', 'C34', 'C40', 'C41', 'C43', 'C45', 'C46', 'C47', 'C49', 'C50', 'C51', 'C52', 'C59', 'C64', 'C69', 'C70', 'C71', 'C108', 'C115', 'C120', 'C123', 'C126', 'C128', 'C131', 'C134', 'C137', 'C139', 'C142', 'C145', 'C150', 'C153', 'C156', 'C159', 'C160', 'C181', 'C214', 'C216', 'C218', 'C219', 'C223', 'C227', 'C234', 'C240', 'C249', 'C276', 'C288', 'C289', 'C291', 'C296', 'C325', 'C347', 'C361', 'C365', 'C367', 'C368', 'C398', 'C418', 'C419', 'C432', 'C439', 'C469', 'C471', 'C472', 'C475', 'C480', 'C514', 'C515', 'C516', 'C517', 'C518', 'C519', 'C520', 'C521']"
Mitosis,"['C1', 'C4', 'C5', 'C11', 'C12', 'C24', 'C33', 'C37', 'C41', 'C49', 'C59', 'C70', 'C71', 'C77', 'C128', 'C136', 'C147', 'C150', 'C151', 'C156', 'C164', 'C202', 'C210', 'C227', 'C229', 'C250', 'C255', 'C261', 'C275', 'C276', 'C277', 'C278', 'C279', 'C280', 'C281', 'C282', 'C283', 'C284', 'C285', 'C286', 'C287', 'C288', 'C289', 'C290', 'C291', 'C292', 'C293', 'C294', 'C295', 'C296', 'C297', 'C298', 'C299', 'C300', 'C301', 'C302', 'C303', 'C304', 'C305']"
Momentum,"['C1', 'C2', 'C5', 'C6', 'C9', 'C12', 'C13', 'C17', 'C19', 'C23', 'C24', 'C25', 'C26', 'C28', 'C33', 'C41', 'C45', 'C47', 'C48', 'C50', 'C65', 'C69', 'C70', 'C89', 'C97', 'C100', 'C104', 'C108', 'C113', 'C120', 'C121', 'C124', 'C125', 'C126', 'C128', 'C131', 'C133', 'C136', 'C141', 'C144', 'C156', 'C160', 'C163', 'C211', 'C213', 'C221', 'C223', 'C224', 'C230', 'C234', 'C238', 'C239', 'C289', 'C296', 'C297', 'C299', 'C356', 'C369', 'C377', 'C379', 'C387', 'C396', 'C415', 'C426', 'C429', 'C447', 'C458', 'C462', 'C466', 'C473', 'C474', 'C476', 'C483', 'C487', 'C505', 'C520', 'C535', 'C562', 'C566', 'C580', 'C582', 'C583', 'C584']"
Monad,"['C1', 'C36', 'C37', 'C39', 'C48', 'C104', 'C109', 'C110', 'C126', 'C144', 'C151', 'C156', 'C157', 'C169', 'C171', 'C209', 'C277', 'C279', 'C289', 'C298', 'C299', 'C303', 'C305', 'C306', 'C307', 'C308', 'C309', 'C310', 'C311', 'C312', 'C313', 'C314', 'C315', 'C316', 'C317', 'C318', 'C319', 'C320', 'C321', 'C322']"
Multipli,"['C12', 'C19', 'C59', 'C64', 'C65', 'C67', 'C69', 'C70', 'C72', 'C80', 'C81', 'C97', 'C108', 'C128', 'C135', 'C136', 'C151', 'C156', 'C200', 'C202', 'C217', 'C227', 'C229', 'C242', 'C243', 'C248', 'C249', 'C255', 'C258', 'C269', 'C275', 'C278', 'C280', 'C281', 'C283', 'C285', 'C286', 'C291', 'C293', 'C294', 'C298', 'C300', 'C304', 'C318', 'C332', 'C346', 'C370', 'C374', 'C378', 'C382', 'C385', 'C386', 'C389', 'C391', 'C415', 'C452', 'C484', 'C507', 'C539', 'C554', 'C557', 'C577', 'C585', 'C586', 'C587']"
Novastro,"['C1', 'C12', 'C20', 'C25', 'C35', 'C45', 'C59', 'C65', 'C68', 'C70', 'C72', 'C73', 'C76', 'C78', 'C80', 'C86', 'C87', 'C89', 'C90', 'C91', 'C128', 'C139', 'C143', 'C160', 'C163', 'C164', 'C193', 'C212', 'C214', 'C231', 'C233', 'C249', 'C267', 'C274', 'C275', 'C288', 'C292', 'C295', 'C301', 'C327', 'C356', 'C394', 'C423', 'C463', 'C492', 'C497', 'C499', 'C508', 'C511', 'C517', 'C522', 'C523', 'C524', 'C525', 'C526', 'C527']"
OpenLedger,"['C7', 'C9', 'C11', 'C15', 'C16', 'C18', 'C20', 'C26', 'C31', 'C34', 'C37', 'C40', 'C41', 'C43', 'C45', 'C47', 'C52', 'C59', 'C65', 'C70', 'C89', 'C100', 'C113', 'C117', 'C120', 'C121', 'C122', 'C126', 'C134', 'C137', 'C138', 'C139', 'C143', 'C145', 'C147', 'C150', 'C163', 'C193', 'C194', 'C206', 'C210', 'C214', 'C216', 'C218', 'C219', 'C231', 'C234', 'C236', 'C250', 'C251', 'C253', 'C254', 'C255', 'C259', 'C261', 'C267', 'C268', 'C272', 'C275', 'C289', 'C292', 'C295', 'C334', 'C337', 'C360', 'C367', 'C369', 'C372', 'C373', 'C374', 'C383', 'C407', 'C416', 'C419', 'C465', 'C471', 'C474', 'C475', 'C491', 'C492', 'C521', 'C528', 'C529', 'C530', 'C531', 'C532', 'C533', 'C534', 'C535', 'C536']"
PEAQ,"['C5', 'C12', 'C14', 'C21', 'C22', 'C24', 'C32', 'C35', 'C37', 'C47', 'C59', 'C64', 'C68', 'C70', 'C71', 'C74', 'C80', 'C118', 'C130', 'C132', 'C134', 'C140', 'C145', 'C146', 'C147', 'C151', 'C154', 'C156', 'C164', 'C177', 'C189', 'C197', 'C201', 'C202', 'C203', 'C208', 'C210', 'C221', 'C229', 'C235', 'C236', 'C242', 'C257', 'C267', 'C270', 'C271', 'C275', 'C276', 'C291', 'C304', 'C323', 'C324', 'C325', 'C326', 'C327', 'C328', 'C329', 'C330', 'C331', 'C332', 'C333', 'C334', 'C335', 'C336', 'C337', 'C338', 'C339', 'C340', 'C341', 'C342', 'C343', 'C344', 'C345', 'C346', 'C347']"
PlayAI,"['C12', 'C18', 'C32', 'C59', 'C125', 'C127', 'C130', 'C132', 'C143', 'C147', 'C156', 'C160', 'C163', 'C225', 'C241', 'C242', 'C252', 'C253', 'C257', 'C258', 'C274', 'C304', 'C309', 'C326', 'C330', 'C336', 'C342', 'C345', 'C400', 'C478', 'C480', 'C481', 'C501', 'C502', 'C503', 'C504', 'C512', 'C526', 'C527', 'C537', 'C538', 'C539', 'C540', 'C541']"
Polygon,"['C1', 'C3', 'C10', 'C14', 'C15', 'C16', 'C17', 'C23', 'C24', 'C26', 'C27', 'C34', 'C37', 'C46', 'C48', 'C71', 'C80', 'C92', 'C110', 'C118', 'C128', 'C132', 'C133', 'C139', 'C150', 'C152', 'C154', 'C156', 'C160', 'C161', 'C163', 'C169', 'C171', 'C188', 'C200', 'C215', 'C221', 'C234', 'C242', 'C255', 'C264', 'C272', 'C275', 'C291', 'C299', 'C322', 'C338', 'C356', 'C369', 'C395', 'C409', 'C411', 'C421', 'C425', 'C448', 'C449', 'C450', 'C451', 'C452', 'C453', 'C454', 'C455', 'C456', 'C457', 'C458', 'C459']"
Sei,"['C4', 'C8', 'C9', 'C10', 'C15', 'C21', 'C24', 'C25', 'C27', 'C29', 'C32', 'C36', 'C45', 'C46', 'C50', 'C60', 'C66', 'C77', 'C88', 'C113', 'C116', 'C138', 'C145', 'C150', 'C163', 'C165', 'C176', 'C182', 'C183', 'C188', 'C198', 'C227', 'C251', 'C254', 'C306', 'C320', 'C331', 'C337', 'C347', 'C348', 'C349', 'C350', 'C351', 'C352', 'C353', 'C354', 'C355', 'C356', 'C357', 'C358', 'C359', 'C360', 'C361', 'C362', 'C363', 'C364', 'C365', 'C366', 'C367', 'C368', 'C369']"
Sentient,"['C1', 'C3', 'C6', 'C11', 'C18', 'C19', 'C20', 'C23', 'C25', 'C26', 'C31', 'C34', 'C35', 'C40', 'C43', 'C45', 'C47', 'C48', 'C50', 'C51', 'C70', 'C71', 'C74', 'C77', 'C81', 'C97', 'C100', 'C101', 'C108', 'C118', 'C121', 'C139', 'C147', 'C150', 'C151', 'C153', 'C155', 'C156', 'C159', 'C160', 'C163', 'C164', 'C203', 'C209', 'C213', 'C214', 'C215', 'C218', 'C221', 'C223', 'C227', 'C234', 'C237', 'C239', 'C275', 'C279', 'C289', 'C296', 'C303', 'C307', 'C340', 'C347', 'C354', 'C359', 'C363', 'C365', 'C366', 'C390', 'C440', 'C451', 'C459', 'C461', 'C462', 'C464', 'C467', 'C480', 'C484', 'C487', 'C488', 'C500', 'C505', 'C519', 'C520', 'C538', 'C542', 'C543', 'C544', 'C545']"
Somnia,"['C15', 'C22', 'C28', 'C37', 'C59', 'C71', 'C79', 'C95', 'C97', 'C100', 'C103', 'C113', 'C128', 'C132', 'C133', 'C143', 'C156', 'C179', 'C180', 'C187', 'C194', 'C196', 'C206', 'C207', 'C209', 'C211', 'C218', 'C219', 'C221', 'C222', 'C227', 'C229', 'C235', 'C254', 'C261', 'C267', 'C269', 'C272', 'C275', 'C280', 'C293', 'C296', 'C305', 'C309', 'C315', 'C338', 'C343', 'C359', 'C370', 'C371', 'C372', 'C373', 'C374', 'C375', 'C376', 'C377', 'C378', 'C379', 'C380', 'C381', 'C382', 'C383', 'C384', 'C385', 'C386', 'C387', 'C388', 'C389', 'C390', 'C391', 'C392']"
Sonic,"['C5', 'C12', 'C14', 'C19', 'C24', 'C35', 'C42', 'C59', 'C65', 'C70', 'C77', 'C104', 'C108', 'C127', 'C128', 'C129', 'C132', 'C151', 'C156', 'C187', 'C201', 'C202', 'C210', 'C280', 'C287', 'C291', 'C296', 'C304', 'C324', 'C362', 'C367', 'C393', 'C394', 'C395', 'C396', 'C397', 'C398', 'C399', 'C400', 'C401']"
Story,"['C4', 'C11', 'C16', 'C18', 'C25', 'C34', 'C36', 'C39', 'C94', 'C101', 'C108', 'C111', 'C115', 'C120', 'C126', 'C133', 'C141', 'C147', 'C156', 'C162', 'C164', 'C169', 'C177', 'C180', 'C209', 'C215', 'C218', 'C219', 'C234', 'C240', 'C252', 'C279', 'C298', 'C306', 'C319', 'C335', 'C341', 'C363', 'C371', 'C377', 'C402', 'C403', 'C404', 'C405', 'C406', 'C407', 'C408', 'C409', 'C410', 'C411', 'C412']"
Surf,"['C12', 'C17', 'C19', 'C24', 'C26', 'C28', 'C29', 'C31', 'C33', 'C35', 'C37', 'C41', 'C46', 'C48', 'C49', 'C50', 'C70', 'C75', 'C77', 'C79', 'C97', 'C100', 'C101', 'C108', 'C126', 'C128', 'C147', 'C163', 'C164', 'C192', 'C194', 'C199', 'C210', 'C214', 'C216', 'C219', 'C221', 'C240', 'C280', 'C289', 'C325', 'C341', 'C350', 'C363', 'C371', 'C373', 'C377', 'C379', 'C381', 'C386', 'C387', 'C407', 'C412', 'C417', 'C419', 'C420', 'C423', 'C424', 'C440', 'C461', 'C471', 'C487', 'C505', 'C517', 'C557', 'C558', 'C559', 'C560', 'C561', 'C562', 'C563', 'C564', 'C565', 'C566']"
Talus,"['C12', 'C18', 'C19', 'C26', 'C34', 'C51', 'C57', 'C63', 'C71', 'C84', 'C85', 'C86', 'C89', 'C104', 'C112', 'C126', 'C127', 'C131', 'C132', 'C135', 'C145', 'C178', 'C189', 'C204', 'C211', 'C214', 'C219', 'C233', 'C248', 'C289', 'C338', 'C341', 'C347', 'C356', 'C379', 'C390', 'C400', 'C445', 'C477', 'C480', 'C482', 'C498', 'C509', 'C510', 'C511', 'C520', 'C524', 'C530', 'C537', 'C543', 'C548', 'C558', 'C559', 'C567', 'C568', 'C569', 'C570']"
Theoriq,"['C3', 'C4', 'C5', 'C9', 'C12', 'C24', 'C25', 'C26', 'C31', 'C37', 'C45', 'C48', 'C51', 'C59', 'C71', 'C77', 'C80', 'C100', 'C108', 'C113', 'C115', 'C120', 'C121', 'C123', 'C127', 'C128', 'C129', 'C136', 'C137', 'C139', 'C145', 'C156', 'C157', 'C160', 'C164', 'C180', 'C186', 'C188', 'C196', 'C200', 'C202', 'C207', 'C210', 'C217', 'C227', 'C234', 'C237', 'C242', 'C246', 'C254', 'C259', 'C261', 'C267', 'C270', 'C273', 'C275', 'C291', 'C295', 'C299', 'C301', 'C309', 'C312', 'C330', 'C338', 'C347', 'C349', 'C367', 'C371', 'C372', 'C377', 'C391', 'C406', 'C418', 'C429', 'C442', 'C445', 'C452', 'C472', 'C480', 'C493', 'C515', 'C533', 'C542', 'C561', 'C566', 'C571', 'C572', 'C573', 'C574', 'C575', 'C576']"
Turtle Club,"['C1', 'C35', 'C37', 'C51', 'C59', 'C65', 'C70', 'C71', 'C74', 'C79', 'C80', 'C92', 'C99', 'C119', 'C127', 'C128', 'C132', 'C133', 'C135', 'C136', 'C147', 'C156', 'C193', 'C200', 'C202', 'C217', 'C221', 'C229', 'C242', 'C243', 'C248', 'C249', 'C252', 'C255', 'C264', 'C266', 'C267', 'C272', 'C275', 'C281', 'C291', 'C295', 'C299', 'C302', 'C304', 'C322', 'C329', 'C338', 'C372', 'C374', 'C376', 'C378', 'C380', 'C391', 'C395', 'C411', 'C417', 'C419', 'C436', 'C446', 'C448', 'C450', 'C452', 'C453', 'C456', 'C457', 'C466', 'C492', 'C496', 'C534', 'C543', 'C547', 'C552', 'C556', 'C573', 'C585', 'C586', 'C587']"
UXLINK,"['C4', 'C7', 'C12', 'C15', 'C18', 'C19', 'C26', 'C28', 'C35', 'C37', 'C38', 'C41', 'C43', 'C55', 'C65', 'C69', 'C70', 'C77', 'C79', 'C89', 'C96', 'C97', 'C108', 'C126', 'C128', 'C132', 'C135', 'C137', 'C186', 'C191', 'C192', 'C193', 'C194', 'C196', 'C197', 'C199', 'C203', 'C204', 'C207', 'C211', 'C213', 'C214', 'C217', 'C219', 'C220', 'C226', 'C230', 'C233', 'C242', 'C246', 'C248', 'C255', 'C257', 'C258', 'C268', 'C280', 'C289', 'C296', 'C343', 'C373', 'C379', 'C382', 'C386', 'C396', 'C413', 'C414', 'C416', 'C417', 'C419', 'C439', 'C473', 'C483', 'C507', 'C524', 'C528', 'C529', 'C533', 'C536', 'C541', 'C546', 'C547', 'C548', 'C549']"
Virtuals Protocol,"['C22', 'C26', 'C34', 'C65', 'C101', 'C145', 'C152', 'C178', 'C239', 'C244', 'C271', 'C275', 'C316', 'C317', 'C325', 'C330', 'C333', 'C339', 'C341', 'C384', 'C392', 'C402', 'C408', 'C422', 'C429', 'C434', 'C441', 'C455', 'C480', 'C493', 'C516', 'C545', 'C553', 'C560', 'C577']"
Walrus,"['C4', 'C6', 'C12', 'C14', 'C19', 'C27', 'C51', 'C68', 'C70', 'C72', 'C89', 'C97', 'C100', 'C101', 'C139', 'C144', 'C156', 'C183', 'C197', 'C201', 'C202', 'C211', 'C223', 'C233', 'C249', 'C296', 'C311', 'C313', 'C331', 'C343', 'C386', 'C404', 'C405', 'C410', 'C435', 'C443', 'C470', 'C489', 'C497', 'C505', 'C513', 'C544', 'C546', 'C567', 'C569', 'C570', 'C571', 'C578', 'C579', 'C581', 'C582', 'C583', 'C584']"
Warden Protocol,"['C19', 'C26', 'C33', 'C37', 'C43', 'C45', 'C51', 'C59', 'C78', 'C85', 'C90', 'C113', 'C114', 'C128', 'C137', 'C156', 'C185', 'C186', 'C204', 'C217', 'C231', 'C245', 'C257', 'C276', 'C287', 'C292', 'C295', 'C297', 'C323', 'C328', 'C330', 'C344', 'C388', 'C391', 'C464', 'C490', 'C494', 'C495', 'C497', 'C517', 'C521', 'C522', 'C523', 'C525', 'C526', 'C542', 'C550', 'C551', 'C565', 'C571', 'C574', 'C578', 'C579']"
XION,"['C12', 'C17', 'C18', 'C19', 'C22', 'C26', 'C35', 'C38', 'C45', 'C46', 'C70', 'C128', 'C149', 'C157', 'C206', 'C214', 'C215', 'C216', 'C218', 'C226', 'C240', 'C258', 'C349', 'C413', 'C414', 'C415', 'C416', 'C417', 'C418', 'C419', 'C420', 'C421', 'C422', 'C423', 'C424']"
